name,price,stock_quantity,produced_at,expires_at,user_id,store_id
osLLoXttHFguUouP,3993,989,2019-12-30,2022-12-31,2,9
uBXUEnytZmVdhv,404,909,2018-06-03,2023-11-18,2,7
iAYpUogmvIjnnFQz,173,266,2018-12-09,2024-06-18,2,9
UbbGGZeCWRe,4666,987,2018-08-17,2022-10-16,2,8
"LdDnhcjPwIL ",2200,333,2019-08-16,2020-11-15,2,9
FdNmiyrodbKj,4601,570,2019-02-14,2020-07-15,2,10
kAAiISixMeixs,3589,180,2018-02-02,2022-09-10,2,9
kDEgTCtaVz vqNJ wxMJE,4008,253,2019-05-02,2021-10-20,2,9
bnFjLCxmjp,3823,257,2018-02-06,2021-02-07,2,8
zebayuehsdpTlginncRyik,1499,276,2018-09-21,2024-10-14,2,8
"vWTNnDglkDWuQnKzt ",1387,930,2019-04-04,2023-10-14,2,9
KsH  NSssByyjHevwJjR,2293,790,2018-10-27,2022-06-16,2,6
UafcOqSBvOaibhHYfmRal HhJ,356,870,2019-11-04,2022-07-26,2,6
lxGjmhvnlbEKyaRo,879,919,2018-08-14,2021-09-23,2,10
mUxYgIeYdNUfRtwZrnOxUeW,292,496,2019-10-02,2024-08-03,2,8
oTcJeKOvDUTCWAPXUMkNEqrfQ,2764,501,2018-11-14,2022-08-24,2,10
MjZPaglyMjqAY,2886,696,2018-07-20,2020-12-07,2,8
YmENwRYGDwon,4160,607,2019-03-13,2020-06-30,2,8
EfPpdVlNfYXJYiU,1429,695,2018-07-29,2023-11-13,2,9
"jeBSkkzYUqH ",1540,788,2018-11-21,2023-10-16,2,10
JwJIYeUamCqsaZelFAGQPLT,4576,669,2018-01-16,2024-10-14,2,10
rsMfMWAWYIyo,312,75,2018-03-04,2024-04-30,2,6
BDwgk  gzVUvFMZYrNG,1887,497,2019-06-01,2024-07-19,2,7
nUMKwiTorFe,1718,692,2018-08-13,2021-11-30,2,7
WFzssrNXPzy,4527,634,2018-03-10,2022-08-28,2,7
PpZKq CdNRHACiWP,3033,115,2019-04-24,2022-12-03,2,9
SRjavmdjpVJFwxA,1604,515,2019-08-08,2023-04-19,2,10
CNUszM RBjkZXKgmT,1190,839,2019-10-31,2021-11-14,2,7
VVLVNbevGBWW,3432,242,2018-03-25,2024-10-08,2,9
momBcn pikdPYDScY,3724,725,2018-04-17,2020-09-25,2,10
UVzuFVqcNpQPTCWChoztOepU,1787,509,2018-06-17,2022-08-06,2,6
qHGjeamjznsk,191,15,2018-06-04,2021-01-21,2,7
idrXKyBjNwNGFoIAhx,560,183,2019-12-06,2024-04-08,2,10
oql pzUHseI,2240,309,2018-07-09,2020-11-30,2,7
uQeOhRfOktjEFoRdKZmn,4997,764,2019-12-24,2024-10-28,2,6
UBOZOcRbqyiuvt gOjuztQTh,3980,792,2019-02-20,2020-02-08,2,9
jnvSpWCKYsOFALbTIZNnm,4304,200,2019-09-05,2021-08-12,2,9
yEOVhvWwknSbWBmXZqUuyJFS,4348,35,2019-02-16,2024-07-16,2,10
buDeYf UwYPZyyWsrycrx,2007,739,2019-01-15,2022-06-22,2,9
"OPDFpKNlFLePmjl ",4304,858,2018-03-27,2024-05-06,2,6
NVWhopTZQDLCnZBH,3602,798,2018-09-11,2023-05-31,2,8
myHXXNbJCuvPtBsbMkqhmfcT,3011,252,2018-08-20,2024-06-27,2,8
AJXMSGPFLtOeYMdG,3607,761,2019-06-12,2023-11-03,2,6
yrYQvPCGovLbIe,184,919,2018-02-17,2023-12-04,2,7
MJc FjYbrIAx,2045,692,2018-01-29,2022-09-28,2,6
dTrciYawQi,3006,474,2019-10-14,2020-10-13,2,10
TRX wPQlOqsGpYoqsSEQM,4681,504,2019-07-20,2023-06-05,2,8
zgKq rcIpS,469,612,2018-09-23,2023-09-07,2,6
hQAQxHzlpRQrfzSyAzPNBACIz,3468,356,2019-06-09,2021-01-12,2,6
lTmacootrnTya,3798,693,2019-02-26,2023-12-24,2,7
ahubetokHAsfGgc pG,1920,391,2019-06-03,2023-03-14,2,8
mWYgtHNXgkqUQmNdelMALSHMe,1884,819,2019-04-14,2020-03-22,2,7
yCVPueZWEaT,4299,105,2019-07-17,2023-12-11,2,8
mkNKTdfiwLUTYTaMTjria,1083,565,2019-10-16,2022-11-18,2,6
fGFGuwNDTHjytLvauGtB,437,372,2019-11-25,2022-11-06,2,9
" vMxBsAMmtMPn ag",4299,836,2019-10-24,2023-02-22,2,10
EbL xYUTBjnk,1426,680,2019-11-22,2023-12-23,2,9
IFXNYUYDFCOCmz,4362,359,2019-12-21,2021-12-02,2,7
RoCJVVOGMGwwDbVpwRoxuDPKj,1679,833,2019-10-03,2023-09-18,2,9
EuNpvoDslJ,2084,238,2019-01-07,2020-12-20,2,10
QDtBFvmJnHUONASCXXIo,1002,293,2018-10-13,2022-02-25,2,9
mgffeaOAXVGLb,235,549,2018-11-17,2021-10-09,2,10
knLTNwMnITwvisPmh,3673,374,2018-12-15,2020-11-08,2,7
rSiGWgePBkSecuKYrXc,4438,61,2019-06-08,2023-04-28,2,8
yKFGQOIODyBadIKySXFyPeSIy,4141,353,2018-02-11,2021-01-16,2,8
krjtNlThuASTZCZNlx,3453,224,2018-05-23,2023-12-04,2,8
xHiMourvKreqyGVVNX xYCOA,1309,121,2019-12-27,2022-11-17,2,6
gCDTJJOxRxvGehNOJ,1949,29,2019-08-16,2020-08-02,2,9
mIbQmUUxbOEnf,1770,792,2018-04-30,2022-08-18,2,10
hzKVEBQDcDshwhfa,4909,180,2019-04-20,2020-09-17,2,9
RMjuaGBBEakZ,533,537,2019-05-19,2021-08-10,2,8
bqeWzHrqubInZFpY,2838,89,2019-11-16,2021-04-19,2,9
uNvKHEbDFlcYJrjXUZmugxGs,4121,365,2018-03-22,2022-05-21,2,6
irOFkrYdibliFJNuaRuj,210,247,2018-02-14,2020-08-05,2,8
ewmWEDuwxNnVRXbxw,4347,810,2018-07-10,2021-02-06,2,10
fZaKjtHFDNnK,663,758,2019-06-01,2023-11-16,2,8
yUmtfCRHci,3637,75,2019-12-08,2021-10-16,2,9
EXpIwuVZvdtO,365,747,2018-08-06,2021-12-29,2,10
HVJThIuuuWFzG,1400,298,2018-05-27,2024-03-02,2,9
VptTkvXuTQhYCW BJFO,3217,770,2019-08-17,2024-12-02,2,6
yzp OUpbfNbF,2577,740,2019-04-11,2020-10-27,2,8
hNaHGhUnYRupj,1573,598,2019-01-01,2021-03-20,2,9
ZxdK dEAAFVFkrhltc PiJqNT,3523,179,2019-05-01,2020-08-20,2,10
j XjTGfjNDLdPqlwyFNtA,4235,988,2018-03-08,2024-01-12,2,8
sVMsoJYhJQmdCasSAFyoUJ,362,395,2019-04-24,2023-05-27,2,9
FWHKHC IkItlStKZu,3324,253,2019-04-14,2024-07-18,2,9
TrbhpDdSz ZhC,685,683,2018-08-28,2024-07-30,2,6
MQrUlZLdLcWCHFju,2921,454,2018-03-29,2021-12-25,2,9
PkuvxVSeESSyRDMopnh,4442,583,2019-08-01,2024-08-23,2,7
zOfZJBeBWWIZoDCf k,4321,981,2019-05-03,2020-10-22,2,6
mRPRSnKAXTDKmciwNy,510,41,2019-06-20,2024-04-06,2,7
kTgaVaxFoRAOTivVOJHIFKpP,2763,135,2019-09-10,2022-03-05,2,6
zqCBzmGRzYYhnKplyb,2104,301,2018-03-13,2024-10-17,2,8
LZQLCOhYWwiUGS,4623,876,2019-10-17,2021-12-10,2,7
ilBAoZdiuuhihJzJT,1447,801,2018-02-09,2020-06-18,2,9
NzKSZg nXkLbgNgRIQiwt,2635,315,2018-01-02,2024-03-22,2,7
dBAqlXhNVveQ pVFbYwmYMy,4651,907,2019-04-10,2023-09-04,2,8
OGGIrDWnoRpjfGQdUctAxim,4436,112,2019-01-20,2022-03-01,2,7
fzjOeQV ArlQYFz YZe,2119,469,2018-07-14,2021-07-30,2,8
BtSXBoUNyp oFGhJOXMMvnI,1906,349,2019-10-24,2021-10-19,2,6
hdfUeiFumvvXAzxaifIcb,3677,256,2018-09-12,2024-09-01,2,7
zagHlFRHOfjpMEszFYd,150,592,2019-05-29,2021-03-14,2,9
JmWetdYVYXz,218,488,2018-03-18,2022-11-04,2,10
roDLfUMNkkaxPLa,1097,240,2018-05-20,2023-11-24,2,6
LhDCV z IOIOXgBUssOXxTPRX,4523,723,2018-12-15,2021-01-31,2,9
KiyYTTPvHIEFhwVVVSVtRqGRE,2204,164,2018-08-11,2020-09-28,2,7
mVnwfuCNnVtP,1314,696,2018-01-31,2024-10-23,2,10
DUebrVP tOZowgEreKw,1072,406,2018-03-14,2022-02-01,2,6
gRFSHnau ZSgBRjotB,2490,605,2018-07-20,2022-05-06,2,10
pamzWWvBIblGbyYoRnky,3162,595,2019-12-15,2023-09-19,2,9
AdYAIhYAoKRoYJSOHD,472,567,2018-07-17,2022-04-28,2,7
HuEltETyVf,4174,638,2019-05-05,2023-10-27,2,6
GQHXdgkhlVy,4956,522,2018-12-09,2024-01-04,2,10
j NMvioiUmDBIQftG,3811,862,2019-09-23,2024-10-01,2,10
gOwSTodfLITaT,3685,307,2018-04-11,2022-10-11,2,10
XPRozDBdmSwxYPpSRAAMtK,2621,23,2019-01-16,2024-03-10,2,6
QaUT IfMsuOEYbWdcPR,1705,446,2018-06-18,2024-05-10,2,10
CMfCqQoS PClqADzISey,4808,443,2018-10-12,2021-05-27,2,8
ZpplzxHYaMOM,1119,294,2019-12-11,2023-03-05,2,9
pWGp MYXgRmxcezHoPmzTpaS,333,607,2019-11-11,2024-02-26,2,10
RFKhVZGmfWE,3112,944,2019-04-21,2021-10-18,2,9
nZznXLCjoPHbdMZPpdKUUtld,3616,628,2018-11-27,2024-03-25,2,10
DivpKYDsIkDclH,246,180,2018-11-12,2024-07-06,2,6
skDnTPVnwavmnzmgerR,2466,249,2019-06-29,2024-12-11,2,6
ceXZBCWWCKQDkpavlvSi,2682,217,2019-02-03,2024-06-09,2,9
EOevsKHMVlOEXguaQu lxdbw,4708,854,2018-08-14,2020-11-22,2,10
ByBOOxSEnHzMdRKIQxdF,444,337,2019-01-26,2021-10-19,2,10
cZTohAorqkuVgkjPoQ,1642,148,2019-11-10,2020-05-22,2,6
njWVRgfVYWTwySLw,1418,978,2019-10-25,2020-09-28,2,6
AkyCHxVwefesPTagBbq,109,874,2019-03-18,2023-12-23,2,6
JYBuRJBdwYjqbNJxHVUopcB,475,308,2018-04-26,2023-01-27,2,6
AmykJyMSAoB,3907,577,2018-11-06,2023-06-19,2,8
THV BFHIgJqjGiWGZlWH,433,291,2019-12-25,2022-10-02,2,9
jwGTLRsZhqOqqWxU,4655,89,2019-04-02,2022-07-22,2,8
uQXIwvZsSI dWuhRynqMe,49,497,2019-02-11,2020-08-11,2,6
aYgqfalLzvjNEiJNNuHhMjEd,1314,468,2018-12-02,2024-12-30,2,9
JtWugBoCpupXyTbACduTZ,1907,117,2019-02-03,2020-06-13,2,9
NaXIOByzcAypZu,4086,436,2018-02-27,2020-11-17,2,10
qefVhBtywMbkTak,2594,651,2019-02-05,2021-11-14,2,6
MNCKPyhBoGHDu,987,562,2018-01-06,2024-02-17,2,10
ZQHsipRPwwWibHKt,2715,825,2018-11-13,2020-03-07,2,10
igbxJGYbacatywBOYWiqXgI,3083,689,2018-09-10,2021-05-27,2,7
wwcBfOatUhbuUGBzoxkHYhoI,882,493,2019-09-07,2023-08-23,2,7
yhLRpLwhcFIww,919,904,2018-12-12,2023-12-13,2,10
qOnmvofESXJaBfitt,3427,42,2019-01-27,2021-07-20,2,9
fhEUizevCgcfyPCn,2530,785,2019-03-18,2020-04-19,2,9
dGBUIJxmvioXyqfIDqrwxGrjl,52,837,2019-03-23,2021-07-14,2,6
KZlEbHtEqIYCJm,2711,640,2018-02-15,2020-10-17,2,10
MXLTBxoAEZLyGakECzqyTJT,170,297,2018-06-05,2024-06-23,2,8
EbEzPkxBZuhv,4969,144,2019-02-25,2023-04-05,2,10
jNP kTMFoTLflYkQnTtMpRTml,2013,350,2018-03-18,2022-07-10,2,9
hOMI lcfCRj,4246,111,2018-03-18,2023-03-16,2,9
WMWKsETEGh,3851,581,2018-08-31,2022-09-18,2,7
jlbVenZwkXknKyzOOCXE,3812,3,2018-02-03,2021-06-26,2,10
phQQXPpwHPAXIiDhYMpLejO,4171,773,2018-04-28,2021-09-22,2,7
GAlmfNorrqvVzdQwpSyZG,3795,110,2018-02-23,2023-04-27,2,6
qbnlshU JNEKzW,4939,69,2018-06-11,2024-04-25,2,9
BBgPHXBmNFoVyiTNu,1569,985,2018-01-24,2024-01-22,2,10
fFZnAQKdug,1963,564,2019-08-12,2024-09-11,2,6
clysUHcIxX,1601,655,2018-05-28,2022-05-02,2,6
JfhBXWobXGhAn,3691,65,2018-04-06,2021-07-25,2,9
GIgPTsVAPHiwfoigVRlaQOOjN,1283,320,2018-04-25,2021-06-10,2,7
KemMCiDuDteysbqKe,2868,212,2019-08-08,2021-01-06,2,8
GnwjrjojiZZwGdPFgN,3402,503,2018-02-19,2024-09-27,2,10
ViRaGuOSDOZZ,1861,316,2019-09-01,2022-02-21,2,8
sbAhfkMMhajvWgWicShfU ml,3890,997,2018-05-10,2022-09-30,2,7
KVAymGQBaEjkJNtrtrIS,2395,351,2019-08-09,2022-02-04,2,8
QJoNLtHZtBpBVNpRAGuZQ,3762,847,2018-06-01,2024-12-18,2,7
sFhygRiZKKFvXLveKFaZ,3011,707,2019-08-21,2022-01-26,2,9
JigNRLQMqLlEFLhhxDmWA UY,3609,570,2019-05-16,2023-01-06,2,9
nfZNHd PZpxHFKSbJtv f,1200,230,2019-01-08,2023-02-14,2,8
"qIecPqFOHk ",3375,972,2018-03-30,2024-09-30,2,10
TACYpikrRqMQ,538,616,2018-07-22,2022-05-26,2,6
ZJTzHzI Rjc,1888,786,2018-02-20,2021-06-05,2,8
LabHsRXjhwXsCHAtkFTfb,184,538,2018-10-24,2022-02-13,2,7
uhJOxJxgBVMtLlB,3414,117,2018-02-10,2023-05-24,2,8
nlWsfJBHDKwbflBTJOBh,4199,344,2018-07-07,2021-12-08,2,8
xONdoVYWG dqZ,2313,824,2019-11-28,2024-06-16,2,9
DQYNVEBwyKSGFEnY,133,299,2018-03-28,2024-11-24,2,6
oQlpiAknGUARHwugJ XneL,1781,771,2018-11-07,2020-02-27,2,10
" zFwJjrXgCAhjdD",805,562,2018-06-16,2023-02-07,2,7
KLnISVghQsvvixOLGo,2736,897,2019-01-11,2023-05-10,2,7
nKZVofZfz vBL,937,144,2018-01-07,2021-03-21,2,8
LfRZoKDWjl,2340,193,2018-02-28,2022-12-29,2,7
KHWKxPpOeJrB,1940,88,2018-06-03,2020-08-23,2,9
Vxcp KSLGFQ,452,170,2019-08-14,2022-12-04,2,10
BYCspRnFYaLGIZbYYJBJKsp,3919,534,2018-11-12,2022-03-26,2,10
" oDTzd vsA",3346,825,2018-07-18,2024-12-05,2,9
roVyPGEKBkceOe mEvIq,2544,676,2018-07-07,2021-10-08,2,8
"zCkcaqXFRnoYdJMKZbuh ",1204,533,2019-04-06,2021-11-06,2,8
rBCSiQyNtYLcVATNQPkZdyto,4874,749,2019-10-06,2022-05-31,2,8
EwbvNVInzbYhmz,1996,25,2019-07-01,2020-05-16,2,9
" wEarseoOWV Kxj",1264,412,2019-02-21,2021-04-27,2,10
AlGJThYLRfYXFfwj,3459,157,2019-03-05,2022-03-04,2,10
tgoLVJUawvFARfWrthxR,2919,38,2019-07-23,2022-10-17,2,6
KqsBrXYCzMDOhhSNwVgIv,475,459,2018-07-14,2021-12-01,2,6
FxDkMqXGwziHGW,4538,56,2018-05-25,2024-11-07,2,9
CqjkjvjeYGyTVy,3621,641,2018-06-28,2022-09-08,2,10
fyRDrnphqpYRjsDfF,2190,210,2018-01-14,2020-02-05,2,10
HJQcCXEyPjsuQv XJUxdvxsW,932,890,2018-03-23,2021-12-31,2,7
dnwBawlioQUUFeAH,1811,358,2019-07-24,2022-09-08,2,7
gauDsbTBjdllLGycmwC,2366,91,2018-11-17,2023-05-19,2,8
uScWOTgyHJoHmjxCsDtP,2532,327,2018-10-09,2024-06-14,2,6
FntqiRtWDlni,2668,551,2018-12-24,2023-08-05,2,9
hZLI uAeoNkDAGGQy,565,99,2019-10-29,2020-08-19,2,8
MDIwNyAp pSSJ AGbyKrwx,2315,984,2019-07-30,2020-08-27,2,9
QmznNLQHEijkZvvxyQ,78,565,2018-02-19,2021-03-22,2,8
hsanTZGpRZRJdkRtSe,167,163,2018-12-13,2023-07-15,2,10
HtVJLwKoQ BPSuD,4702,610,2019-05-14,2021-05-12,2,10
ybdHvBnORESNZfd,1045,192,2019-10-12,2022-06-17,2,7
LgBUDBwpRLvkTWNbKXELnl,2977,944,2019-05-16,2020-07-28,2,6
"nlXifnedPopMU ",2738,697,2018-08-22,2020-02-22,2,6
" uKqMSIwDNhXFAjIxFGlU",3310,539,2018-02-19,2024-02-13,2,9
XaRIyXqzeOFISfL,3518,97,2019-07-26,2022-09-18,2,7
htoemUubDC,1356,803,2018-12-05,2022-02-24,2,9
krILaOcfWLmrsAMKgZqSC,3039,711,2018-02-22,2021-12-11,2,8
DcymqouRumgfeOPPOSl,2294,272,2018-03-25,2024-04-14,2,10
HEXVcLohzhVuegMJaA,1413,605,2018-04-19,2020-07-27,2,6
TLOWCGRbnWpkXYPaqPoVkhC,4081,329,2018-09-06,2022-11-04,2,6
MxeGoelNBZSbxiDRD,740,890,2019-11-29,2024-05-12,2,7
XntzjkHqUgTGGivsF,1604,665,2018-01-25,2021-03-30,2,10
tJLVwFQFgfaSWa,2071,166,2018-02-05,2021-02-26,2,9
DoCEGycsRlnHvoDxrvKKeQd,2462,222,2018-01-11,2022-05-19,2,10
rWqCphoCif EsSgkXjxI,3546,855,2018-09-18,2020-08-14,2,6
" OaeMlSdkVXErT",2679,831,2018-02-05,2022-09-09,2,9
QuGhRtrLNHA,3300,150,2018-11-28,2023-05-26,2,6
piSMtSoCspQiHZsqOMw,1618,940,2018-05-11,2023-11-30,2,9
hJajBZtgiSQv,2485,723,2019-05-01,2024-10-24,2,8
sgUBBtxqqeoFNnpYjqV,726,846,2019-11-11,2021-04-27,2,7
kdlyOhDuHimBFfTbzaV,962,227,2019-05-13,2023-08-02,2,6
JoTVBJiWyeKFSBMJHDCOecVez,1470,309,2019-11-07,2024-10-13,2,7
hFRJHgKkOQ,729,709,2019-02-01,2024-10-22,2,6
kNKbPiueywhQteK,4520,27,2018-11-10,2023-12-26,2,7
yPpkHpEecAEhxxLklDuO,1972,990,2018-11-03,2024-12-02,2,9
wHFMLkyg gvpSzLELQpX,1059,226,2019-08-20,2021-02-04,2,8
mlHUOnXmFWHWViZz,3833,802,2019-03-16,2020-07-07,2,8
XP WrMzKZBFYVtzei,1487,279,2018-07-15,2023-01-09,2,8
NBejMgKAFBTqqZCJFvbhjiNQu,4003,199,2018-02-18,2023-07-28,2,10
DmNZoYnmsqifWNINWWCjdcTi,3816,123,2018-12-11,2022-04-15,2,9
WwBiTMfGmmJzknwjK,918,852,2018-05-29,2023-04-03,2,8
ofzWVJNnmbIXmoGhd,565,877,2019-10-26,2024-02-05,2,8
ztYOuqnynk,1193,369,2019-11-27,2024-02-15,2,8
mACsznthxUKQeYiiI,2343,612,2019-05-07,2020-06-02,2,9
bijraHmBcbpCg ljYVfMz,909,871,2019-03-31,2022-01-26,2,8
HwXpjsEVYGXisJcGnBpL l,4945,985,2019-12-01,2022-09-04,2,8
uuImAMxpdeaMncz cgDUHt,2583,892,2018-02-22,2023-05-19,2,7
vVJNdXtFzOF dQA,4876,905,2019-08-14,2024-11-13,2,7
IplZCVSryq,2850,359,2018-12-31,2021-02-03,2,9
hSppzbBXqLTWhD,313,500,2019-01-17,2023-08-27,2,8
" hvVSXQEmYzXWlBdIuVa",4689,113,2019-06-09,2024-09-20,2,7
UqBMTtGwilMziIIlWQSqOnxfU,590,820,2018-03-14,2024-01-16,2,7
FsvuKkdiFKsGtbbMAKifUt,1863,113,2019-02-13,2022-02-25,2,8
jV oRxjtUBKYjQDrBRrC,1026,835,2019-09-28,2020-04-12,2,9
aYFLIsDdNkqfs,1897,467,2019-08-29,2023-11-13,2,10
YloezZvykAbcNPPC,2506,332,2019-06-20,2022-08-13,2,7
fyUylbbhfLXgFYhymtaWKn,4643,258,2019-04-23,2024-01-29,2,7
apxCgYYoBnErWJD,1932,182,2018-12-12,2021-12-04,2,8
LWmLJTrmclJI,2840,151,2019-08-21,2022-10-09,2,8
GOGvYWEMqq  sWggTwp,305,681,2019-08-16,2020-06-23,2,9
aYHZUgGAHEpNbndqrtTwrzDJO,2089,411,2018-07-27,2022-06-09,2,8
hpaZjNTKHnR,1186,682,2018-05-03,2021-10-28,2,7
YxEkHCxVowVSBoYnQUYg,2445,385,2018-08-31,2022-06-18,2,10
yMYfCfhcyGuytGEWhBd,276,476,2018-10-19,2023-08-28,2,6
mxSQgVFyKjlQxqSY,192,841,2019-11-16,2023-03-20,2,10
KSTVbKusDGGKjAkIsCwZOU,2506,91,2018-08-10,2020-11-04,2,9
vRVqPMXXVpuVdV,267,8,2018-04-12,2021-08-17,2,7
"GTsORRuVhDZh ",3454,385,2018-07-08,2023-07-30,2,9
vvJOUPwzgJCRMYmef,1920,804,2018-09-15,2021-08-07,2,9
"hWnJeYHbqSJv ",1659,305,2019-07-22,2024-05-10,2,6
AwqTdUC xLEMfUvE,1842,850,2019-04-01,2023-05-28,2,9
efsLKyvjOMUEGEksxAtl,779,601,2019-09-16,2022-07-09,2,8
XJNUmFwhbrzLg,3886,273,2019-05-05,2024-02-24,2,8
VMPQRzDLSahZIZiHQZe,1524,344,2018-05-23,2020-11-06,2,6
"blHuZNEbLP ",1775,156,2018-04-29,2020-09-30,2,10
HPdldmVSBXnVLEK qsTsTPMZ,3756,651,2019-02-19,2024-01-30,2,7
WErTraUueCqcHK zdBeyUO,3520,599,2018-12-21,2021-09-29,2,10
soeSSvXxLSZD jvIURvSjxH,556,96,2018-03-01,2024-08-28,2,8
ghNSuKfa Oj,2210,706,2018-04-18,2020-05-19,2,7
GHVpMsogzpqPPU  aSfilZiR,236,51,2018-03-15,2024-07-08,2,7
QCyhgxCN VfcamfrM,3467,707,2019-10-28,2020-08-10,2,8
kTmgYn G KPZXWjQh,4920,236,2018-12-13,2024-07-15,2,9
oDeRIupbtxGCIIpjkatBjcH,21,970,2019-01-12,2022-08-31,2,7
sfbQHnlaxMatZi,769,515,2018-07-28,2023-03-18,2,8
BTOpzktWLvS,1319,558,2018-12-07,2021-05-28,2,8
RUTRrQsruTmXsZLF wZHT,4938,124,2018-08-30,2020-11-29,2,7
NxmMuEPhyCvKhg,1888,637,2018-04-15,2024-12-13,2,7
QgZUBsTMCx,212,471,2019-07-14,2024-07-03,2,10
klDOZZ mObbjgxNez,273,179,2019-11-23,2020-09-18,2,10
ttfTEVoOThxscMAguyIJtlH,4550,418,2018-01-20,2024-08-27,2,6
kVKGmYBRmblAVXFRk,4408,741,2018-08-08,2022-02-07,2,6
EJzzyXQlc VNMOSWWAM,2019,88,2018-11-26,2024-12-15,2,8
VBMhPiIBpHT,775,238,2019-07-13,2023-11-04,2,7
KMLWKrJgSWhVvadtPKtvrFmua,651,805,2018-06-05,2023-01-24,2,9
efjjZykHiwRf,4333,37,2019-05-15,2020-02-04,2,8
DlsQmYhNsw,2993,913,2018-04-05,2020-02-03,2,8
tOfF  mGID,378,849,2019-06-20,2023-05-28,2,7
svigfPP GBzPIZtl pIoyW,3258,983,2019-04-15,2024-03-10,2,9
kgziPsUiQSdmiDObSU,1194,463,2019-11-26,2021-04-26,2,10
jGripeXJhYNrCPIVoJpuCk,3515,440,2018-01-05,2023-01-09,2,9
lSAJjyjwEiuEmnYKvruKZi,264,451,2018-09-29,2023-09-30,2,7
YGAC CaNcXJJQGcVPoUe,2886,817,2018-02-05,2022-03-19,2,6
kBnAgTcWmouoLMLvuT,295,617,2019-10-02,2022-04-19,2,6
hWMorKfQKZZGh,3750,735,2019-03-26,2022-03-31,2,6
bNKRxPYSRvWtmlkyWJoIaTUE,4638,373,2018-03-09,2020-11-25,2,10
bUYkgbGUCb,3873,157,2018-10-24,2024-03-21,2,9
zHFkrFQTuhhrrNyffUbIaZdT,1738,862,2018-07-08,2022-10-23,2,9
LlXGRiouAmrO,267,811,2018-11-05,2024-10-16,2,8
rMKBfprXCoGVxuCBkNRc,2396,492,2018-06-16,2023-08-14,2,8
gTFAwKifwqis,2345,651,2019-08-27,2024-06-18,2,10
tRRToEjaxezDmOLyvHOHQmOzH,1774,523,2019-11-27,2022-10-12,2,7
tatQuUcwyaFC,2150,121,2018-09-10,2024-09-23,2,7
tCLpdQVUQwc,3596,25,2018-02-08,2022-06-17,2,9
ymvS jAmxlnZeFWzXKUASLaO,691,375,2019-10-19,2022-04-26,2,10
HtxOynoXSbPcpoAcRxsW,1287,973,2019-06-02,2022-09-24,2,6
jjOKCBTNddHnjf pai,2222,943,2019-06-08,2023-09-12,2,7
ZsGGBflNlXrfCkJKLprn,2789,853,2018-06-10,2022-02-17,2,7
UDQtyHAUfttFGpmD,1065,635,2019-04-17,2021-07-11,2,8
ECtqzGsoffeNhNXYPPjFz,333,395,2019-12-17,2021-03-23,2,6
lSoWZUZotNhDoEKsUuRaEhR,2416,107,2019-04-22,2023-07-29,2,6
swdkiebMZwpxYImdIQokfKq,3704,993,2018-08-17,2020-09-28,2,7
lscXpSgXImDKZyutbWHthCu,2420,138,2019-02-24,2024-07-30,2,10
JMUnlawCeaEiJOoUoamVl,3791,182,2018-12-23,2021-03-21,2,10
csSojwTpHqdEeGMfFEj,530,320,2018-03-29,2022-12-12,2,8
fTurnkZdJFxNlnmQqB,4691,918,2019-09-25,2022-04-03,2,8
rHAHHuTNQQsRhVkIV,4061,190,2018-09-19,2020-07-27,2,7
WMjaYhiWwaiTTNmY,771,617,2019-04-16,2024-01-16,2,9
KxkflFoxPDpLlPn,4528,332,2018-11-03,2022-05-20,2,8
GIuuoAnCCxtrsJhzX,4330,504,2018-04-02,2023-03-31,2,9
zoSaXkCQhiwScMdOVymh,3200,596,2019-05-31,2024-06-29,2,7
HMYHypBXTl,3886,655,2018-09-05,2022-04-09,2,6
jRczNzyctfzzITmSOt,3423,540,2018-02-15,2023-05-18,2,9
tnLHoETyzxzc,4118,93,2018-01-24,2020-12-28,2,10
elYPmlFnAlQHI,2627,64,2019-09-19,2021-01-12,2,9
PndmVm zYL,1814,175,2018-08-13,2022-05-18,2,7
kVlbjEXrDVFTUFMkDWgchW,1596,720,2018-10-07,2024-07-02,2,6
MdWiINBbFJawbDtWooBWOM,1106,865,2018-09-06,2023-04-22,2,6
AOupZKgIKjI,1284,809,2019-09-01,2021-12-08,2,8
mjOHqaEvxcMfeJ,912,424,2018-03-02,2023-09-02,2,9
gMzHqgAgeZbKbo,1940,207,2019-11-01,2022-06-30,2,9
OZlqgOAXKSi,783,375,2019-09-19,2022-02-14,2,7
kfYCqRZMofASgutyDvuowEk,3947,314,2018-03-26,2023-05-11,2,7
"eiKIhMqUcFVmYnhejdcoBlhw ",2915,746,2019-03-23,2022-07-12,2,6
IAtcDMDRWB WKCFfv,4997,771,2019-06-15,2021-04-09,2,9
lt LUrOLze,2408,650,2019-06-05,2023-05-07,2,8
IHF YQDPKKHfKXE,2509,600,2018-11-20,2021-10-10,2,10
UzNVufnHMoGUujyh,2473,996,2019-03-28,2022-06-29,2,6
LV OqzVMNqQ detBZLaEvybNG,3481,445,2019-06-04,2023-07-25,2,8
LXiSaXqIZhUQj,1906,114,2019-06-19,2024-12-03,2,8
XCpCQinvPyevZoNDEYgLFBNN,4358,73,2019-10-12,2021-12-21,2,8
jCbxKYcwDhJvbCW,3428,775,2018-03-21,2024-02-11,2,6
k QZt fQVCKQRItOEaklj,455,959,2018-08-09,2022-09-28,2,10
jAShfcRpuhJUxmNKrmwtPQbVD,4129,806,2018-08-04,2023-06-13,2,6
rxiDigHsru,1461,768,2019-04-12,2024-03-23,2,10
JcCwLAdLUbVfXNGHyQTJuK,1465,820,2019-06-13,2020-08-08,2,6
RYaPZmEJEOcWVReAAjgHM,3373,364,2019-12-08,2022-08-09,2,9
ILvxMGTDyuqQLlrNpPnXGw,100,322,2018-06-25,2020-05-15,2,8
CELRRE wMvdumjexpqrNZfx,428,277,2018-02-08,2024-05-01,2,7
ErvCYcZTGcpw IiNYZGmsq,4440,203,2019-03-19,2020-05-16,2,7
sjgBfJYTYYAlEFWDL,880,116,2019-10-19,2020-05-12,2,7
ZNSwAzVsrJuTdOUiFeIMTSfqA,2587,719,2018-09-07,2023-07-15,2,6
jVYdCQntUjvXnibME,369,598,2019-03-09,2022-12-12,2,9
cWsNrhuOTggoOMk,1068,300,2018-06-19,2023-10-28,2,10
QuwrkPsYOZblAL,1743,478,2018-01-13,2024-10-27,2,8
ZdySvaiManHIeBumuDUMrlClE,646,753,2019-10-07,2022-06-21,2,8
zBOhydyD GEZX,3349,898,2019-11-28,2020-09-29,2,8
XNRMvZJBPMutObgBWYnlsPI,3357,638,2018-09-24,2020-08-23,2,6
gpHgccRGHGFjUHTmowhg,1689,650,2018-09-02,2021-10-31,2,9
ohcdMCoGhuZuNqV,3557,688,2018-07-26,2021-12-24,2,6
q fFETvkpR eyE,505,330,2019-08-25,2024-03-06,2,9
BjOQKyYwAd jzC,3756,259,2019-08-08,2023-06-26,2,10
EJPRWExa XpStaHdjMhesHm,4038,835,2018-04-06,2022-04-06,2,8
QlVBbsysMOmjqYlDAoiCeBV,4176,161,2019-03-29,2024-02-02,2,9
wEfNuVIn SfMuaQQMOf,4145,266,2018-11-14,2020-04-26,2,10
A OiMuPKCELRGpUpMbuzeaY,3712,689,2018-01-05,2021-02-08,2,6
pKJy CAMVwDAOGi,95,500,2018-12-27,2024-07-03,2,9
WvAPMgbZLHLyGmiCCLu,2152,182,2018-11-29,2021-04-01,2,8
DTZcPtGlzMkYnqHKDuw,3789,507,2019-01-30,2023-01-23,2,8
SGfjbyFNuV,1618,479,2018-07-19,2021-09-29,2,7
nfUBlEbRntEbj,612,358,2018-11-04,2020-04-14,2,9
pLzbvVi QommaYafeQgEUTorU,335,817,2018-03-15,2024-07-31,2,7
IrkTGLysylX,2696,234,2019-10-30,2020-10-25,2,9
p m EBSfPPdJwQkbkcqtbZj,4664,160,2019-02-22,2024-12-01,2,8
FwOMuws HiyBoWZoyskyTu,2188,974,2018-03-21,2022-05-05,2,7
YLscZbbSFOPh HxubaMpr,4287,409,2019-04-15,2024-12-17,2,9
cEhcpDLGwJhCflARQKmaIj,889,462,2018-02-23,2022-05-27,2,10
ks  ChKTRJKmVDjEP,85,376,2018-12-18,2023-01-21,2,9
ikjFvyjIvvjKc,1838,39,2019-04-03,2024-01-04,2,10
fdXbRHrBRKyKiW,3200,986,2019-10-28,2023-01-18,2,10
NDqTWGsmlxuErTGToSwBM,1587,630,2018-07-18,2022-08-03,2,9
KqjjyqNKXEhn,4952,910,2018-07-26,2020-06-24,2,8
IganUyjgxu,2221,891,2019-03-15,2022-11-30,2,10
DDiwJjPpjmQ,2396,219,2018-11-21,2023-09-29,2,7
QyssndvLSdGTAQQfeJLO,689,733,2018-08-29,2023-01-18,2,7
UCxrVaKjycvWe,4677,543,2018-07-23,2021-08-07,2,7
puBldGpPkMgLLwtdAbKkg,2907,781,2019-04-13,2023-07-07,2,9
hSAiJZKmfFNJ,927,356,2019-05-04,2023-05-02,2,6
cFlOhkdnbi,2297,216,2019-08-15,2022-11-16,2,6
grJtgCOxglQ,1484,503,2018-01-07,2022-04-15,2,6
UePAbeSPipPJWCDhpzqVLYV,3573,861,2018-04-04,2023-07-25,2,9
o gueUkzSIRt,4083,838,2019-12-03,2020-07-25,2,9
hIrAIBkFxWpadcvAburL,1647,991,2018-12-22,2023-03-14,2,7
cIuJfAEQpuzkfv,4071,450,2018-01-08,2024-03-06,2,7
" ebIgBReKiMsf VPhTfivMJTU",3465,217,2019-12-09,2022-01-14,2,10
tyQDLndLSXlK,593,390,2018-02-04,2024-07-02,2,6
PbouhTWMuLmYit,546,851,2018-12-28,2022-07-06,2,6
yHThSRciHhHPk,1055,272,2018-08-23,2020-08-18,2,8
ozpGgZLEUXvOcFWxgVyp,4767,270,2019-07-25,2024-06-08,2,8
DrCBjozbmWZVyqfypla,40,931,2019-03-26,2023-05-08,2,6
ZtNvfupVJ VXE,1904,302,2019-10-17,2022-10-16,2,8
V TPpopoDonDaq,2308,206,2019-09-05,2024-10-23,2,7
iKvACiRzZr,333,38,2018-03-20,2022-08-29,2,7
mdlcKIMdCBIG,2343,978,2019-05-17,2022-04-20,2,8
" ReuOgyILDzoMQehNnYTTkb",4977,821,2018-05-04,2024-05-05,2,7
dsJRikdIN Zl,4563,19,2018-06-27,2022-02-08,2,6
jZqCzPWpWiOinoAnBIWCVX,1861,659,2018-12-10,2022-07-21,2,10
"KfRfOXKZSkKhdTctssJXO ",1572,952,2018-06-19,2022-06-29,2,7
IUiEAxV hIbvI,355,271,2018-04-17,2020-08-21,2,10
ZbuMzRlNlVpvtEnLH,1312,699,2018-02-21,2020-02-17,2,6
kgfKRgYnEzt R,2181,23,2019-11-29,2021-12-21,2,10
wYvWwSSHfUiJeyEaIFVNChFSC,1075,465,2019-01-24,2023-01-13,2,8
ywRJIJEXckAYEFtcKJNajv,3535,216,2019-11-24,2022-06-18,2,9
OWppkXmlKiQuiqAThq,320,454,2019-03-17,2020-05-28,2,9
ypxgODwQqpHuotDgUAuUktvt,201,176,2019-07-03,2020-10-03,2,6
DcVXTnGdv qoFRAVUvIAO,3035,563,2018-12-23,2022-07-30,2,6
tdRXiNGyeadQzmWN,1862,845,2018-04-03,2024-06-12,2,9
BzvmfeItciwpjZtZC,4119,891,2018-10-18,2024-01-08,2,8
iK xVwKYZaRWXSE,3708,905,2019-04-18,2024-08-24,2,10
EY aIlMBGjZCIUq,2955,777,2018-09-08,2024-08-23,2,9
mYmeEXjPDukPxI,1462,147,2019-04-14,2022-11-28,2,6
ioXOUyaoObER,4538,238,2018-05-23,2024-03-15,2,6
FszgnwGWpfXbTBjcAyFc,3372,847,2019-08-04,2022-08-20,2,8
TUHlwfCXbPVZcTF,492,506,2019-03-25,2023-05-23,2,10
ynElYsffkDZdzwoxSo,104,658,2018-05-24,2021-02-11,2,7
LdfDicVXYhir,2371,129,2019-02-10,2020-03-29,2,6
dKwdAAsbHkKkBPaOglwL,3074,766,2018-08-02,2023-08-16,2,8
ViAedECsXBHNNnAJ,2011,634,2018-04-02,2023-09-26,2,10
jVdZFFfWyjRxQ,2830,376,2018-01-02,2020-10-20,2,8
XSQT EFjqaovwizizRJwf,4590,171,2019-05-19,2022-11-13,2,10
dveLlizrNHTdfIHZ,4213,833,2018-12-06,2022-08-25,2,10
uBIMtbWSOuLbdpitECOKu,3079,77,2018-08-27,2023-10-04,2,8
oqlTqdARwe,1098,383,2018-08-14,2024-04-10,2,8
CTBgbRCTxWmbxAImkvXzi,660,820,2019-10-17,2020-02-26,2,10
MgpDyZznkaOD XhXGua,1861,689,2019-01-11,2022-12-02,2,8
VjELQUSiFcir,2180,118,2018-09-29,2024-01-07,2,7
SvRCZyVsznIL MUKqQrpt,2532,809,2019-01-24,2022-05-30,2,6
gXKnxBHXeJNQiHKvOFzaph,3779,723,2019-05-28,2022-04-03,2,10
XvFpsGftSfPHuLHcwe,3595,671,2018-04-08,2022-05-30,2,10
kdsIVknUBXpFhRTNPJRV,125,54,2019-05-17,2022-05-25,2,10
yysklMMiTGF,3298,982,2019-11-01,2020-04-28,2,6
hKjzOvZRvCqdLlsgjIYPlRNSs,744,867,2018-10-18,2022-12-05,2,10
SwoXSUf dtfGlzSyJd,561,397,2018-12-20,2024-06-24,2,7
OhTwtCFDPbmbgYGa,612,474,2018-09-15,2024-02-19,2,7
LOHoJrtPNJGA,473,679,2019-07-30,2021-11-18,2,6
PujabtPqUSWvsyhYGlpYJk,2689,344,2019-11-27,2024-07-05,2,10
dlDomsbYTuRwwNfYbujhItc,2160,225,2019-12-19,2023-10-11,2,9
IqSciQvSDIwWjSmHTzru,1967,73,2019-02-03,2020-09-26,2,10
wLPmxlWnIlvlT,1072,963,2019-08-09,2023-04-01,2,7
VeIMKPCKev,1767,524,2018-02-19,2023-05-25,2,6
Ybya AMHLeRKPMjKXosZT,907,991,2018-01-18,2024-04-22,2,7
qKRYuAqVDANSADXEQmVY,205,689,2019-11-18,2023-09-06,2,7
" RUljlpBkwwbLHzbKKBEzWNN",1263,211,2019-03-18,2022-10-02,2,10
lAEQYrAPrwCytwedMcky xBzj,1547,991,2018-03-25,2020-12-14,2,8
lfbtEtCnEbskPU,1726,934,2019-06-09,2022-11-16,2,8
cdwhoYtAAZFhhOfGls,2328,216,2018-01-27,2022-03-08,2,8
llZYWy YfWVZap,3809,506,2019-01-04,2021-02-15,2,6
CLEMEskfAEXbCCgPyRnSKbAx,4730,229,2019-02-25,2020-06-23,2,7
dupEGXzs qcDyZ,4332,699,2018-12-26,2024-09-13,2,8
eiZyecCuFtWCWhaMdbMezPYJ,3323,621,2019-11-04,2022-12-03,2,6
PwPzTZFqQXGMq,2726,90,2018-03-21,2022-05-31,2,7
bZtkPKOFCItvRP,3592,36,2018-01-14,2020-06-03,2,9
kpTLInlpdcnQX PfkHlMo,2126,23,2019-03-18,2020-04-20,2,8
wHAJkqxMepxLAlFkYHymlfQp,297,158,2018-08-23,2022-03-14,2,7
dyyMpgFakQriRhPQVtNeS,2606,308,2019-11-22,2023-07-30,2,7
FWh YlHSVsvooLYDKcu,539,105,2019-03-16,2024-02-06,2,9
" snIdtFLumrxbWzvIsgf",2193,727,2018-01-10,2022-08-09,2,9
" BgKZjuokluputEcvA",2523,223,2018-10-15,2022-07-26,2,6
AbVjjbWpgU,899,518,2018-10-24,2023-03-30,2,9
yFEdpkKhCCgoCDKWdVLXp,83,598,2019-07-21,2022-12-23,2,10
rkfndzmMzsiezXITtK,1002,938,2019-04-22,2023-11-09,2,8
CJEspnV wU,3467,425,2018-06-11,2020-03-08,2,9
AGyEkdwjnVbD,1796,765,2018-08-27,2023-08-12,2,8
bqjPJmFsUQnvdFjmfI x,4461,447,2018-06-27,2023-10-24,2,7
n uLdvcTycMhzeVPkE,4225,304,2019-10-25,2023-06-13,2,9
SzEoFJxcoE,335,529,2018-10-02,2022-07-09,2,7
zbVnqstWGVCiCmPHyJGD,4809,251,2019-06-22,2020-07-07,2,7
lcYdQhYRsPadzRCSkQf,4693,803,2018-08-18,2024-06-15,2,8
EzPxnchjSf,1691,638,2018-07-23,2022-11-06,2,9
"GBKxFJsBpKCYdWah ",3859,221,2018-07-06,2020-04-13,2,10
Ec EIKLSvbdXmeTkju,235,237,2019-07-11,2024-02-15,2,7
LsEFKrReVnZjrjW,3557,811,2019-06-22,2024-12-06,2,8
ZjNBxAEaIXKSXquupGbAS,620,585,2018-05-20,2022-06-13,2,7
rztGeCTZdoUbnpBuymTiPmlq,2420,252,2019-07-03,2020-03-31,2,9
gOCWQSUUJnmEXLaaNFVrrwD,4284,826,2018-03-01,2022-10-12,2,9
jmeVFUFSiHarganNfSZDMGHz,597,870,2019-07-18,2021-12-24,2,8
EddnO fLnftFPFjwtwg,1879,828,2019-01-05,2023-12-30,2,10
YgwanswApbKWbw liikZrS,1795,949,2019-03-13,2020-12-01,2,10
bVSzGTyHdKZKRSwPf,3547,899,2018-01-02,2020-05-12,2,7
VGsnPxRmyRzHlZwfU,3624,312,2019-03-13,2023-08-02,2,6
RdYcqfhUxhZXI,2775,963,2018-11-10,2022-09-04,2,8
NVmgXXokhyCxbYhqVIpq,4596,32,2019-08-26,2022-07-06,2,7
PjnfthMzSvxMU,2648,306,2019-10-31,2022-12-16,2,9
pYmeJ OoWKhKdmvpFWGxiq,1102,907,2019-05-19,2021-06-10,2,10
RbdoilZkOUhBUCtCy,3000,777,2019-07-02,2024-08-01,2,9
RtCiQkBFNlg,322,425,2018-11-18,2023-06-08,2,7
vPbANtAeMKBuUTosmQVozUE,3922,923,2019-04-27,2021-07-08,2,10
YFZFDOiGGmkwSNRHgLKPP,1530,308,2019-12-19,2023-12-20,2,7
"jKKDBfwNgGravL ",2868,386,2019-02-13,2024-11-25,2,8
NwvRpTqSAQkvgzTYkK,903,484,2019-12-21,2020-04-09,2,6
euQTFzdAwLrJzqSfrBrFiXgwP,199,945,2018-02-11,2020-10-29,2,9
gVQZuZs LKyPGTSmEafFaKf,4839,459,2018-04-16,2021-04-06,2,10
tHPDGVbPOORjAiCRtbOj,1058,871,2018-12-26,2022-10-31,2,10
tAbNLpDJeJmEaOz,1608,677,2019-04-29,2023-05-10,2,8
UQiRGgrhECsRAmkqnAwyymJI,2369,209,2019-04-24,2020-04-21,2,8
xwyTCRBOMKwedDcbjZS,1260,320,2019-09-29,2020-06-28,2,6
BXCQpAcWlwCYTASV,3409,200,2019-03-23,2023-08-31,2,6
LbTFhperDumVTojx,1591,512,2019-06-15,2020-09-02,2,9
XeiVnSmUHWaYUSpTMuQUW,1509,262,2019-06-15,2021-09-01,2,7
Pf nLxfNjJXtx,4258,651,2018-04-11,2023-02-22,2,9
STbamzzgheIq,1192,526,2018-04-25,2023-03-21,2,8
pFQzKQNQdNtftfkEG,1112,507,2019-01-23,2021-05-17,2,7
EkNqerS mmvEXcxnayVxKRIzX,2566,235,2019-07-31,2023-09-19,2,7
diIqhHXOmCouOpZTkiuoVVG,1863,817,2018-02-11,2021-03-09,2,9
"sTsUdkVsPuYUiaXxtFRcK ",4160,28,2019-12-12,2020-03-17,2,7
uFOjvCLowGefiddaklWDC,4486,311,2018-10-23,2023-08-31,2,6
zuwbmKNZXFXpdQqHno,4069,917,2018-10-05,2023-07-12,2,10
BCfgujiXBSxUaGItM,1497,135,2018-10-13,2023-03-07,2,8
FqjwsoBKah,4395,195,2018-02-15,2022-07-14,2,9
SNutrqLhhUEk,3383,128,2019-03-18,2024-03-06,2,10
EHMleVAnPqJK,1534,437,2019-06-11,2023-10-21,2,9
mJwXHmamyyJKpetF,446,623,2018-09-23,2021-01-25,2,7
GlShzgdbjEQTbwdJUHgGunh,3719,233,2019-07-25,2020-11-30,2,6
T kfVpLUOLLiZjFHpmaYvKc,3431,423,2019-10-03,2021-11-29,2,9
OxvDuf fpsulRPkqYLbxnbmV,3909,252,2018-11-11,2021-11-25,2,10
gEySRtGCbAYoVrozu,1644,159,2019-02-12,2022-08-25,2,10
yTARJhIuzNMFj,1353,388,2019-01-20,2022-05-20,2,7
INkIKrapEaFNe,4082,230,2019-03-17,2021-01-04,2,10
xuqhBAdKktGUFRI,4571,908,2019-05-21,2022-06-09,2,10
wQszCKBjyP aiLxz zUKkc,2582,879,2018-06-06,2023-11-22,2,8
EkMRcrCBWYjmZlNozaBUD,717,430,2019-12-14,2021-10-12,2,10
CHQMaWJSxISNbLPKhHjIdWk,514,67,2018-12-11,2024-06-30,2,7
FmyTutPJAwwFXIsWZawBwKiO,1428,907,2019-12-05,2024-05-03,2,7
YAmXmIdTbrIM,2061,56,2018-12-18,2023-05-06,2,6
FrAOhJvcqKtJjNyqwZWGJ,3461,242,2019-10-29,2021-04-19,2,7
vXWeZzFcoCzY,3631,627,2018-03-20,2020-09-01,2,7
WHifjLGsDalBh,1392,181,2018-06-17,2024-05-15,2,7
wxPPMXMHmPSLKTIkEq,2980,915,2018-04-24,2023-06-30,2,7
dGQObAtBoFLXIkznkPnbrfg,3943,68,2018-03-25,2023-10-17,2,10
jpqljPl IVqN,2806,56,2019-12-25,2021-11-08,2,10
kQgvqNfgozGYsBSi,2859,503,2018-05-10,2023-08-05,2,7
plYuESjtWZuQdVJlrNp,1279,60,2018-07-04,2023-01-18,2,6
WKmIQcIxc vNbBlal,3015,289,2019-01-03,2024-03-21,2,8
RcJZmvbM g,1246,143,2018-10-29,2021-12-07,2,8
iSKGyiBWqH,2554,311,2018-05-15,2022-11-12,2,10
rByomiCDOoS tzeXKOBPN,1413,769,2019-02-12,2022-04-07,2,9
ToZMjaAqrUVxQXN zRCLc,692,597,2019-04-18,2023-09-03,2,7
LtqMxM AFmRG,4127,444,2018-11-20,2020-11-26,2,7
jJVDqIEGiZbLrKnkqlEWgVnqY,3935,775,2018-05-25,2020-10-04,2,7
ZaUYFfhKZVkFQFlLLlQbY,2382,777,2018-11-13,2020-06-10,2,8
FNyBIiRYRgeM,4751,940,2018-10-31,2023-06-11,2,7
IEyHWFNtaaS,2951,806,2019-06-07,2021-09-18,2,10
PdOyLCLMFpuSK,1403,204,2018-04-16,2023-09-09,2,8
CwVoEwlRgwCy,1114,887,2019-12-27,2021-05-15,2,6
" GlJjpnFJzcWGdRMvfGIVUYIJ",1912,96,2019-08-09,2022-01-16,2,6
cYDfdDveCo GjUfw,3056,27,2018-09-21,2020-04-20,2,8
TRnUtvAxmvUqaPMFnJZBv,593,473,2019-11-26,2023-11-04,2,9
PDgJcpqsIYx,925,71,2018-04-17,2020-09-13,2,6
TKDxnzDQbkgq,3566,144,2018-04-01,2020-06-27,2,6
unTiyaNiJpcVvpwfgL,3973,158,2019-06-28,2021-10-03,2,10
QUWVnDnyFFOBdPQCAEWoA,2596,215,2018-05-07,2022-06-01,2,7
BAyyuuNcKoEJ,125,406,2018-05-08,2024-06-25,2,9
xCcx oVCvIIgYppPPQv,1720,233,2018-01-26,2020-04-17,2,8
qqYixBIwKCPcgLSpSAs,3742,829,2018-06-26,2021-09-07,2,7
osQNkvyjBaNXllEdWcxt,3833,904,2019-08-05,2024-10-13,2,9
jHwFbKBWWfjhqeqeD,2363,907,2018-06-18,2020-03-07,2,6
YNNabTHoUBYWz,4976,413,2019-05-03,2023-10-21,2,6
UaecztiihtdDk,2233,433,2019-07-27,2024-02-15,2,9
oOeMLYIwKsOhvB,1129,46,2019-10-08,2024-05-25,2,9
wreaWLoaSSpdhfQH,3251,352,2018-07-09,2020-06-24,2,9
XGpEvvdYSUIqp,1835,447,2018-11-20,2022-10-27,2,9
rXi WlrqLWAMmjvNGbAL,3696,910,2018-10-17,2024-03-31,2,9
DKVObzVdkrlMqcQ,2673,830,2019-01-15,2023-10-03,2,8
knQsNDWjYPoClgecvEUB,4278,51,2019-05-01,2024-12-22,2,8
jPUWzqErrCZKd,1107,560,2018-11-30,2023-06-24,2,10
jprttgwzJo,1476,130,2019-04-11,2022-01-05,2,7
"BCR kymyacJqxZjGATw ",1079,18,2018-12-17,2020-05-22,2,9
eATdKjTDWxHtFZ,408,567,2018-03-26,2024-04-09,2,10
CQvRCOSoAAFTFYInGIw,3841,765,2018-04-20,2021-04-15,2,6
NGBrNFKXFlnKeROxB,3150,601,2019-10-15,2022-12-30,2,6
zOeVUTUJBPXkHlBHICfwp,4701,521,2019-05-28,2021-03-15,2,8
MQJNvu klO,4323,346,2018-02-08,2020-12-13,2,8
HcLvgtRmLUIQtVenhSJYNsSjH,2242,48,2018-12-16,2020-12-29,2,8
wsMRcpOoHIEVDEaUdH,1634,587,2018-06-21,2024-09-27,2,10
ELWuudURsFVoYXXr,1412,332,2019-07-12,2024-04-14,2,7
gyeQfsEyCkoJhwqX,1664,176,2019-04-08,2021-05-14,2,7
mLlZqMHtwTEGGVQWXcLwasWqP,1539,597,2019-12-27,2021-11-11,2,6
RVgOaYTtoyXavhwxEW,4779,621,2018-08-14,2024-08-01,2,8
nTloHkDXBANTY,3097,907,2019-08-11,2023-10-28,2,6
hSWnJOXjsPcSQmouDb,3295,57,2019-07-07,2024-03-04,2,6
xHHcUdHJmOdCJJGvhGAJiqx,3541,813,2019-06-19,2023-07-16,2,9
kMKCDEZeluUNfvWnVifkZO,1389,565,2019-12-21,2024-08-25,2,10
xDIujQXSJU iGPzP,1835,988,2018-06-06,2020-05-19,2,6
jexUWMyeqRTNN,1158,885,2018-06-30,2022-12-12,2,8
GmUtVJeNJjr QfDfX,523,195,2018-02-21,2021-03-28,2,10
eUYmcChQlVAQaxwLZFT,1824,8,2019-08-27,2024-12-22,2,9
sseSCaesTx,4507,409,2019-01-22,2023-05-31,2,8
zUySQcVKHhslD,1998,891,2018-11-25,2024-09-27,2,6
jOcAKpkuauqg,3498,3,2018-09-03,2022-08-18,2,10
y Tkm JGPpEuhiIH,109,715,2018-09-11,2024-07-05,2,8
zZpfoDIFqvcjd,3287,663,2019-09-29,2022-11-24,2,7
JvHvJAx fyPHjzzYoY,2224,500,2018-10-28,2023-08-14,2,9
IZzwBlTvWMNMzomnZy,2009,473,2019-05-01,2022-02-03,2,8
HOBCUUkhairkfoeuIwtCQj,3546,563,2019-02-08,2024-09-10,2,8
sUQLhtpXkAlI,4360,474,2019-06-17,2023-12-29,2,8
xChUxck ndEQFUTFYB,3663,286,2018-09-30,2022-05-11,2,7
ZAmFiVjhqU,401,840,2019-03-23,2024-10-16,2,7
MisLuhOiuQhovGMAtPcjoyb,1853,943,2019-05-24,2022-11-08,2,9
nfJVvMbPschEmz,754,605,2019-11-21,2024-02-29,2,6
kwfMrsZaUubXXYwBpI,3562,144,2018-12-17,2023-02-08,2,9
RoHnBcfcKVYjPciHgIF,4441,695,2018-04-06,2021-02-14,2,9
LxgSQJtRywAtygcqTQUC,3606,547,2019-10-13,2022-08-21,2,7
pMCSTNbXXiPbpfuPBBSRp,4250,775,2018-08-31,2020-08-04,2,6
XttlYPIvpLmrGNSFcpPiTQl,2405,495,2019-01-29,2021-11-27,2,6
QrEImlENeWYLPTUeILSt,249,526,2018-06-12,2024-12-14,2,10
zEWZCzbvIHBD CaaHdkZFz,3771,234,2018-08-14,2024-12-07,2,9
NtuZOrKSoeLjJKubg,752,677,2018-03-02,2021-06-02,2,7
OCH zBvKcRMBdLkf,4336,879,2019-05-19,2023-12-18,2,8
SvBoMSOLoGyUtLeuPDRqeBA,1621,951,2019-06-10,2022-01-10,2,6
hSAOCMiXvIuB,2313,993,2019-04-01,2024-09-07,2,6
eaLrlOQDHQJxjwjV,704,337,2018-02-06,2022-07-31,2,10
LYUHdiLztVFdUeujO,3757,4,2018-12-11,2020-05-05,2,8
CHYcRBr nh,313,511,2018-06-27,2021-09-30,2,10
ma KQPcOtxCOsTJd glSg s,2176,150,2018-07-19,2024-10-05,2,10
uUzouMYnXSxqi,1685,639,2018-03-25,2024-12-11,2,6
MhbPoJaSNFrABEFOrAt,2119,724,2019-10-12,2022-03-18,2,6
wTz xeggGzmrWqPvgd ycA,254,37,2018-10-24,2023-07-19,2,9
tgwChybDRYNxPcfGfE,2784,293,2019-11-09,2024-01-08,2,8
QXLNXFxfPsEzyF,414,968,2019-07-30,2020-10-02,2,9
KuuoJaOtGlKjoCnNs HrD,185,819,2019-04-06,2024-03-29,2,8
ldjluEjdMfaxLhSqtpaAZyC,4376,288,2018-02-05,2022-10-21,2,7
yjTSagDGPNC,1920,84,2019-02-20,2024-05-25,2,8
nvWZFUaVuZByfYuvXsTT,3758,223,2018-01-02,2024-12-24,2,9
xJhLlmJxHfsnWW Se kk,2871,535,2019-08-20,2023-08-12,2,9
DoZonA bVosaahxlnyRVnDYx,4626,931,2018-02-20,2022-12-22,2,10
NaruRstnXciDI,3037,331,2018-07-23,2020-12-20,2,9
GNApjtAQsCVxITM,4445,204,2018-04-12,2020-02-14,2,10
ERhLCrIpBAEhncSmAxQTUYviu,2817,175,2019-11-19,2022-10-13,2,9
qHpPaRouxRekpOImi,2786,375,2019-05-25,2020-12-17,2,7
lJwvUUjGimdaPimOiQWplMei,4090,675,2018-05-12,2024-01-28,2,8
fjp ShJZoVUxCbqCrUukBd,41,572,2018-04-22,2022-08-26,2,6
bwNmJrfSmoxFB uGS,3501,726,2019-03-16,2024-06-06,2,6
VFVleUlcrpz,387,667,2018-11-26,2021-10-08,2,8
MOShD kpRNshkJMOi,2540,296,2019-01-03,2021-02-01,2,9
BYXkwjbsRHMkSWyjJKyXr,1798,468,2018-04-27,2022-05-26,2,10
V AnvMjPiOfEPxhXSd,3839,956,2019-08-10,2022-05-09,2,7
QirOhHIGJhlBBwjwvbWABPrb,2292,384,2018-11-16,2021-09-22,2,9
hmmPqtHTRwP,3423,663,2018-08-28,2024-02-19,2,9
fISnsrYLGEaOSZLvjfFfiW,657,485,2018-01-25,2023-11-28,2,8
allLmmJXooFSamrjRD,4163,504,2019-05-03,2022-08-29,2,10
EfgcvHtdIvgyExy vAPHIPNxe,2730,614,2019-01-18,2024-06-09,2,7
ceUBhZotZAJWSOiEMQ AbIs,3157,431,2018-06-09,2023-07-18,2,9
kQfyIzRhKjCsIpR,3486,216,2018-08-06,2021-08-12,2,6
BvLWCURMxeascqbAIhUa  Btj,3650,161,2019-05-31,2023-11-25,2,10
RESRFmclOkuPKMc,976,335,2018-06-02,2021-07-15,2,9
wHYJkwUUtJta,200,232,2018-10-15,2021-10-28,2,9
QuoZKVvlefAaGOWSK,3671,46,2018-04-11,2024-10-23,2,7
iJCLUSWxgjBBRtT,3338,76,2019-02-20,2020-12-14,2,6
qrPjfOxObzUtxFAT QjObP,3274,841,2019-09-22,2024-03-13,2,10
MzdRNqtbnNAjp,3875,546,2019-06-21,2023-02-07,2,10
HtqqCuguZGRYXcaqoOzSuZc,177,264,2019-10-14,2021-08-25,2,8
vmDIeCpgrcyq,1984,355,2018-03-30,2022-08-19,2,7
kKJxxzeIWnd,4223,873,2019-08-26,2021-09-26,2,6
gBRuisMMceuCAMqGRGHmdhPpL,1844,619,2018-03-10,2022-06-05,2,8
ArjKUYZSfiowWjrWKQzL,4239,737,2018-06-26,2022-08-20,2,10
P PuGpkb ziFKktVgNYY,2119,71,2019-08-17,2023-01-18,2,6
epUwMzOjDYwqMNDBVUFLt,4565,754,2018-11-18,2022-01-09,2,7
dzwihFxhQMrPirWFNYOzQvX,3759,421,2018-04-03,2023-01-22,2,9
mddXadZdYGAjJfzRcY,76,978,2018-05-14,2024-06-12,2,8
wGipicLHnWc,2140,850,2018-08-25,2023-02-03,2,9
itkyDZdRoSSJnuU,4788,472,2018-09-13,2022-03-09,2,10
Q wllRBF Sfj,572,338,2019-09-01,2024-04-20,2,8
rUuNCXdOaMi,2904,924,2018-10-10,2022-09-21,2,8
ybqzzrRwdZvTCYi,3770,141,2018-08-03,2020-08-23,2,7
aKOpslSKVZzTzAhXpyRcArL,3904,470,2018-09-07,2022-05-13,2,9
daBsbbgfSUSoS,2509,164,2018-11-03,2020-02-04,2,6
DcfOPUJlOEFgb,3166,825,2019-03-21,2020-12-31,2,9
LXyuYGQUxsEeoJGm,219,63,2018-05-25,2020-10-01,2,8
swvhegwDthyeRDXbmSGaS,429,184,2019-10-06,2024-07-24,2,8
EOfiijatmlo,2143,595,2019-07-29,2024-11-15,2,8
DQTBeuudKbvjGfVkyHS,2999,592,2018-11-27,2024-06-27,2,6
NssEsDphffgGqJM,4075,398,2018-08-21,2023-04-02,2,7
TCWiVWZCwqXm,2659,56,2019-07-22,2020-12-18,2,8
qUNdhpLwAUuTVK,3511,920,2018-01-02,2023-05-27,2,6
PKfWDOzOtj,3277,650,2019-07-03,2021-02-12,2,8
MtAPJIUafJKKUwJUEVj m,4008,239,2019-01-23,2020-06-23,2,8
tEJIkADseyYJUMAHljTaDmN,2875,141,2018-12-27,2023-08-14,2,8
iewPrtzDTjt,1778,432,2019-08-06,2022-09-09,2,7
kRLqNGL ZYOVyNbanWmiAEth,2274,995,2018-03-15,2022-06-08,2,10
dVKAOGjycujIHQZdkqghhUxw,2462,596,2018-03-08,2021-10-22,2,6
GeNKQAsxqHqVPToOcmFf,2806,499,2018-11-30,2022-12-16,2,8
tQaZWCSJPtzsAkCzG,1893,431,2019-02-03,2022-10-19,2,9
ktXRRvBuEh ZgrMYGOTtcZLt,1768,733,2018-02-18,2022-07-23,2,10
DqdlPilAMxt,4484,277,2018-05-22,2024-09-05,2,9
VnxyRqbUjIcYD,2073,836,2018-03-21,2023-06-22,2,9
cCdNIWmrByxoprOHO yVQ,4951,798,2018-03-22,2021-06-29,2,9
qvgLp YLUimPcQXENJNVzE,4312,990,2018-12-09,2022-03-30,2,9
VyhOSJALwGlJGu,409,750,2018-12-09,2021-06-19,2,6
MetQxXqYIjGQy,495,800,2019-06-19,2024-07-13,2,9
VFiAbpIwl jFmpKmtGgu,62,218,2018-12-17,2024-05-10,2,8
rZhjOZEA spgYekAnoa,219,760,2019-08-23,2022-10-25,2,9
gaQseL aSHWMeE,4059,739,2018-07-10,2021-05-12,2,9
oStCmOJ viOZqFRByNtjIgMG,3131,515,2018-05-08,2024-03-23,2,9
LzgPLzCDsN,2723,372,2019-05-15,2021-11-26,2,8
IDilntWiBmZdsgPxILY,2171,994,2018-08-08,2022-07-15,2,10
llIJruz fqUTiGkLUDoCou,2472,932,2019-09-01,2024-05-09,2,7
ezODoizVfYpjzalIyW,2058,231,2018-11-06,2022-12-18,2,8
FrBkQTtbFL,862,447,2018-08-12,2021-06-04,2,6
SYZhyaxTrEVJAS,3289,462,2019-04-04,2023-04-30,2,7
ouYpYQmqZy djBUHDin zoCfb,2627,145,2019-10-11,2023-12-19,2,8
kKkNwbsPLViJbCVhPcsAVzT,337,647,2018-07-28,2024-11-08,2,8
eGwpuxWxkodIMraRRPudWBoHE,1114,784,2018-09-08,2022-12-16,2,9
xDFtVytmEkLXTFAOQBL,266,206,2018-11-16,2020-03-10,2,8
h rhRDAvugazbuIMo,4836,186,2019-07-23,2020-05-15,2,10
DnsojtG hckQrlkQocCqJxy,244,144,2018-07-06,2022-01-20,2,10
dJUhtcYDH btyv YGMOaAjI,4992,810,2018-06-24,2021-02-20,2,6
ohzviyTRxTuATz,3558,570,2019-04-10,2022-06-21,2,8
CYXgMLIVAYnLZVdCYSA,2805,722,2018-08-15,2023-06-01,2,6
qZAYaLLBaLArZZkjU,817,333,2018-09-11,2024-12-07,2,9
OU YgdOHGeQvfIznNmqJtMtrv,251,927,2019-06-19,2020-11-02,2,6
kgUBQreNvfIPYsVsFtZAeD,2389,958,2018-08-16,2020-07-30,2,9
HIPXHUwmsBAyVZmuId,917,542,2019-08-24,2021-11-21,2,6
ysqToauPcdqJLbeflX,331,490,2019-07-15,2021-05-16,2,9
SphPxPxDVMFzJ,2473,556,2018-03-31,2022-11-02,2,7
SBBeualmokScqDvrw,1015,688,2019-04-21,2024-04-17,2,10
mlVxeOJIrvplz zsTRCShSM,4984,778,2018-02-14,2023-05-12,2,7
APkvGRynqExwpclO,1535,13,2018-02-03,2021-10-27,2,6
gYjZOqKVnOpvMT,623,490,2019-04-18,2021-03-24,2,9
OvkJkZTNYyqDJm,4415,255,2019-12-09,2021-01-05,2,9
qmLGTqVtVcObNPk,3574,532,2018-08-13,2022-04-22,2,6
UztwXvtRJGvgdUgYaFtkNvgY,4554,501,2018-12-26,2023-01-09,2,7
XhZfPZINzN,4144,334,2019-10-21,2022-10-07,2,7
x RWOFGrCMlHOGNWVbrmGRfjF,1098,923,2019-07-10,2023-10-21,2,10
xwLtWNjLXddKgUo qGrogtooG,3630,149,2018-07-29,2022-08-23,2,8
myxaJiMolwoqOy uVzgTy,3656,279,2019-02-06,2021-11-18,2,10
bpvSYoQctVvDK,583,597,2019-11-04,2024-01-30,2,6
EwLvLGBEIy,4722,291,2018-12-09,2021-01-20,2,6
yTubAtEXDX,3181,857,2018-01-31,2022-02-03,2,10
MdNqsIkiALWeRNeMXur,2316,754,2019-01-29,2022-05-01,2,9
RzZVfZaIbMgTEOfPx ggw vpm,2732,516,2019-07-28,2024-07-05,2,9
aeXwQpLgfeW,1418,378,2018-05-15,2024-06-04,2,10
jrkAwpFcXwZyBfmIDaf,2849,493,2019-12-17,2020-07-21,2,6
nEYkHqjVuyAYiCELp,4086,190,2018-10-19,2022-04-09,2,9
SGGIddiebCrozMpTkcOfvwkwF,3340,385,2019-11-11,2020-11-30,2,10
k LnDfJeAcmT,1728,546,2019-11-04,2021-03-19,2,9
TuAxLDoZYPSnk UXl,4757,49,2018-08-12,2022-02-12,2,7
ytvNoqcUIJ,2615,224,2019-07-04,2024-02-23,2,8
IeedxnPzImoxMwR,3110,424,2019-07-01,2022-07-03,2,6
qnuWjheSREdjHwuEC,393,487,2019-08-27,2020-03-21,2,6
GNVKIGymZBZAHJZfauFQ,1377,276,2019-08-10,2024-12-18,2,7
UeufduZedvLeBbeA,4605,495,2018-01-17,2022-09-29,2,8
sVBScawjvVryjLUBaxFJMx,237,963,2018-07-29,2022-11-26,2,6
ram ZnUNFM,114,177,2019-06-05,2023-12-24,2,9
QqoCNSVecnbydbjE,2241,502,2019-01-14,2024-06-29,2,6
zQKPFjfXMk,4094,113,2019-05-17,2021-12-19,2,7
ZQFGtlWiMo,3061,74,2019-11-29,2021-02-16,2,10
badhQYtCdYxRyZPWTIYyYF,2830,70,2018-10-23,2020-04-22,2,9
BhizmIgUhjxKSRTcVZpZqJkf,1420,706,2018-07-20,2023-06-05,2,7
AhGBaBcLLimqZQ KDDnXxrLRy,4694,983,2019-01-01,2023-03-24,2,7
lHeyHgMmyRNyQOEulIai z,4276,457,2018-10-29,2022-08-25,2,7
xFrrqgSObSkKZzGSn,881,807,2018-10-12,2021-10-08,2,10
NIdwlWe iiKiOMsK,4739,394,2019-07-29,2023-09-21,2,6
TKetDvBySqKSDFboKwrRX,929,414,2019-11-27,2023-09-05,2,7
KFpWLjrBipeO,675,82,2018-05-21,2024-12-25,2,8
VvQvVL LTlm,4179,429,2018-10-30,2021-01-20,2,7
bkNaKASKxh,4865,504,2019-11-30,2023-07-17,2,9
UGatYhhVNzlGtv bxUFki,2199,421,2018-01-28,2022-08-17,2,6
cyqLKEmHdNzyqU,3049,583,2019-12-02,2022-05-24,2,10
bEkilkBCukjdXZk,4314,961,2019-02-15,2021-07-26,2,8
"u jrTgm XcqGQUzAP ",1531,10,2018-01-09,2024-08-26,2,6
lirBHshVcccdhn,493,813,2018-01-07,2024-07-17,2,7
usSBSXmlrLBS tk,445,553,2018-02-26,2022-04-06,2,7
hRtTbQsqeMKaGslpAoeVog,3635,217,2018-01-01,2021-06-16,2,9
ABqZYkrBCLzohl CWVzFTpr,4117,835,2019-07-10,2022-11-25,2,8
eLSXoScXjHWdIvIgWXcFI,2413,11,2018-02-11,2024-07-03,2,10
nP xOjHDfWv FwIgXz,894,852,2019-05-21,2024-09-01,2,10
cVAyg iSmxwmOMYF ORmvPX,3711,886,2019-12-19,2021-03-28,2,9
xsHPVfHMOBDy ouFWqdTRKaWk,3074,778,2019-07-14,2022-11-21,2,7
qsXZQnuHNu,4286,463,2018-02-04,2022-10-23,2,7
sDmFAg iCeLMrjXGUOZZhwuau,4970,138,2019-01-08,2020-07-19,2,6
UqyLSNdYMbmuIOKnlTEZOysQb,159,106,2019-07-28,2023-05-05,2,6
AdCbfOWoUdCCXSzLiIfLOny,854,811,2018-12-06,2023-04-11,2,9
DPfPUKeRmhlOLPyCJfP,3222,656,2019-06-17,2024-10-20,2,10
qzJANjhlkbOISJtvOegMTk,1337,319,2019-04-29,2022-02-17,2,7
rIKONztEfyJxZHryLDl,2886,659,2018-12-03,2024-12-14,2,6
fmjmtjkxxZBheAEoXOrXNCOa,1592,328,2018-08-01,2022-11-12,2,7
JPcltydstXqylUpP,379,832,2019-06-02,2023-10-14,2,9
kaZcqEHI jamBzpYTaB,4117,818,2019-10-07,2021-09-05,2,10
Gq bPAYOhKz,2553,740,2018-01-17,2020-12-04,2,10
kFmrzCaKlLoNELDemnRkHD,489,537,2019-03-13,2022-05-15,2,10
ODOzNEHmWkHIrkqAtUUMO,3574,773,2019-08-05,2021-08-02,2,10
DBhwWkKIPJNNTEU,1433,797,2018-08-16,2022-02-17,2,8
ZnnZWdnivqD TnoUXJ,929,365,2019-04-19,2023-09-23,2,8
ZTMHoWpLZkPJMGykaMMxeaMWG,695,608,2018-08-06,2024-04-18,2,10
yqSYBhvGmmDdgKdjChzKFg,203,747,2018-05-14,2022-08-13,2,6
cteBJTeSERzNbnh,4668,324,2019-11-10,2020-04-05,2,6
knFsSQzqKScxFxG,1749,351,2019-05-29,2023-01-04,2,8
oRyEwUcPGrgwPWAPmpZd,1202,663,2018-11-01,2020-11-08,2,8
AZNbOimuqCnzXIIoaETxK,2776,244,2018-05-26,2020-09-10,2,8
CVJeLjHPbJWPacjuPqaeOXXxU,240,713,2018-01-14,2023-04-18,2,10
tbZNjTcJyXPWcVyQvuO,4121,869,2019-06-12,2024-05-06,2,6
XjbxGxcQPqlmTXnxT,4868,731,2019-02-27,2021-08-03,2,6
GfmCXBaGxEXQGqELNEcW,430,305,2019-06-07,2023-12-01,2,7
XEDQojVwH RrqoFgctmetxYc,464,992,2019-01-01,2023-03-23,2,7
UOgacsOiDcwxsr,248,917,2018-08-17,2021-05-31,2,7
SQkGydTiBxlSfThBGKl,3116,807,2018-05-14,2020-10-02,2,8
RjeNUTEjamsnrMSnnWQPWS,3975,302,2018-05-29,2024-10-25,2,8
EFNQNnhBMBdcHVFvsuqZgyEB,2231,412,2019-08-30,2023-01-11,2,9
xTkiEgutTprV,1045,469,2019-09-28,2021-05-31,2,10
nGBttk QsgUz,3287,490,2018-09-11,2023-09-18,2,7
AZzzjfxeWekE bdZBGiGeuI,3546,684,2019-01-09,2023-05-04,2,7
fUpPkclcnFL,669,812,2018-03-24,2020-09-11,2,9
knhRnefhZNNN,3613,373,2018-07-27,2021-07-21,2,9
ZbjXcVxJaSJYoKIZdnZ,4326,223,2018-10-23,2024-07-26,2,7
THbJXNZilkRf XowwEeqG,207,284,2019-01-05,2022-08-03,2,8
mRlNuicNvEzAhvNied,3221,147,2018-01-16,2020-10-14,2,10
MiQqfPvJmmxkx,3345,922,2019-11-22,2022-03-04,2,9
GVDMDLGiYD,457,366,2018-03-13,2021-03-22,2,10
NWjrhUTGyYlgSe,44,766,2019-05-22,2024-09-01,2,10
MC LOyAoYNfWAtYedZCbg,104,768,2019-08-15,2021-01-08,2,6
aOUwuRndnqs,3470,172,2018-10-08,2022-03-01,2,9
NdxBWBdhDsZMpPY,759,364,2018-03-30,2022-10-03,2,8
XCUuyhjC RVYYoXV,2817,109,2018-09-25,2022-02-11,2,8
YOflcOKjV  q,4190,852,2019-02-17,2024-08-27,2,7
YmPRqHiW beX TeUwt,1396,915,2018-08-18,2024-08-20,2,6
gXKPCgz HkoxC,3120,669,2019-04-05,2024-06-19,2,10
fGJwSmnxrD,408,614,2019-10-09,2022-12-03,2,9
PUFicOwIge YuTrsIeGMNML,1179,276,2018-09-01,2024-05-24,2,6
BuXDUetSeilEKqqnFX,3642,621,2018-08-23,2024-03-24,2,6
"iMeUXtlpqHxjweLlI ",3562,911,2018-03-14,2021-05-21,2,7
PqDx kpYOBafb,4132,212,2018-11-30,2023-05-09,2,6
RszTssPNfuFIgoBEP,908,648,2018-03-06,2022-02-04,2,10
wzvrZJsRDxbuX,1509,29,2019-12-01,2023-06-12,2,10
qXOSglslryhOpAW,3660,969,2019-06-01,2022-10-19,2,7
cAdqRAqeAdgzrslFlhmB,4431,959,2018-08-04,2020-02-16,2,9
kgYjrGXe g,3681,617,2018-10-04,2022-09-13,2,7
CXavYqIUZwcr,4388,771,2019-03-07,2023-05-11,2,7
zHfIywMMTPganXsSMHoMT,3901,78,2019-02-12,2024-05-17,2,10
HItfqjykdjDaVQVGrrxpp,3645,540,2018-08-19,2022-05-28,2,10
AtwpPvgNemR,891,914,2019-05-20,2023-05-03,2,8
PehFTwrTbLXAvgXqfJ,876,162,2019-03-23,2021-03-20,2,8
cmRAhtnnZqlvBLyd,2242,551,2019-02-23,2021-06-14,2,8
DUfvtiGYivuFpdGB,1213,55,2018-02-20,2022-10-13,2,7
yNowimHeFKtSxkW,2130,774,2019-06-08,2021-11-26,2,10
rKGunWgbqMwRgFTfUGUL,881,752,2019-09-12,2024-09-18,2,7
EJbiqnwLTUoJUXzUmvY,1252,223,2019-02-10,2020-04-09,2,6
LUdLlilfXEVFRtnkzkRKfrko,2649,333,2019-10-10,2020-08-28,2,9
ntbkIxsnwGNbNeJQGtrNrU,4081,862,2018-04-27,2024-08-14,2,8
RDjJQyZioO,2308,114,2019-12-02,2020-07-10,2,9
GiiJjlfwzwRgyJcElYuJ,3435,379,2018-05-25,2023-03-19,2,9
zDCBSJrsyikyVqTL,2848,346,2019-12-11,2023-09-18,2,10
vwtIJYuaCvrbgTZuqIqn,938,569,2018-10-05,2022-01-13,2,9
" GQGtgKGzm bn",1565,474,2019-10-21,2020-06-17,2,8
rlcmVbxTMNtAUoEbCuGJGO e,1707,695,2019-02-20,2021-07-04,2,9
TVHvHlYJRBphHhMVKAfXaOBoe,460,896,2019-11-25,2024-10-26,2,8
jrvYLBdELVoKHAlaELxrf,3172,816,2018-11-15,2022-02-28,2,7
" ULqQnRyFBEHKUMwlpUjHSv",527,279,2019-02-19,2024-06-14,2,8
DoNCv wgMZjqNQWHe,1141,860,2018-06-12,2022-06-14,2,6
jgdzLPxXIslWM,4105,865,2018-05-08,2022-07-20,2,6
OlBWaKwUFKLzLygVqmh,151,713,2018-08-02,2023-08-04,2,7
DwfwmJNhJsxLCHzE,391,588,2019-05-06,2021-05-01,2,6
mldEjsaC hXWHlT,2246,295,2019-09-15,2021-09-07,2,10
gIOAIJqLNWZlpNbwELoBGubS,3236,931,2019-04-08,2022-08-15,2,9
zdrwfkuAGqngTyjPnLBfM,577,971,2019-09-26,2020-06-29,2,9
daMrRvOa fadYdYtV,3537,97,2018-09-02,2022-07-19,2,9
IfRColpCeKrp gYrJHr,714,156,2018-07-05,2022-12-30,2,7
" E GWpeYYUx",3371,240,2018-06-11,2024-03-17,2,6
GyTBQNHWxiTsPLQKAnDZTlC,1128,793,2018-12-04,2023-08-17,2,9
zmbUVJipfTZcrJqbzkD,1092,374,2019-12-15,2023-12-05,2,8
jsOvIkPJXcq,2251,334,2018-07-21,2024-07-18,2,7
QriAERdxlcJvWQ,2315,129,2018-07-07,2020-11-09,2,6
XoYWtzzPAivhvBrDAz,2647,803,2018-02-18,2022-06-11,2,8
xXzyYumuem,2570,412,2018-03-07,2021-02-20,2,6
tWpSLbYAQr,2563,472,2019-04-13,2022-09-05,2,9
zoaGQIJjAeuaClvhZ,1945,953,2019-10-29,2024-07-23,2,10
TuUfTxddzCOKIo,2752,22,2018-03-20,2024-02-06,2,6
xKKEsifrgW,1284,116,2018-07-22,2022-01-05,2,10
wwpahQmgeuPGkCb,3459,512,2018-05-23,2022-11-01,2,7
IgrLnGassJxGrHJuVpNQYiJ,3799,426,2019-01-15,2022-01-19,2,10
QDVK AUnfViMIDCIYo,508,616,2018-11-09,2021-03-07,2,10
hjzxhnVYDNGXb,658,288,2018-05-19,2022-08-19,2,7
dVrGnLwskgDubsLo BhjMF,4542,726,2018-01-23,2021-06-05,2,7
qDVkEjRsSAQgutRjciquLGw,3579,588,2018-08-14,2023-04-28,2,8
mhPwRYoRtQqyZ,1536,314,2018-10-17,2021-12-19,2,8
KplApkhALXffWxEyxEAB,722,477,2019-02-17,2020-02-22,2,7
"QKLecTujcbJSBoqldzEnlYf ",1329,251,2019-09-22,2020-03-03,2,8
wPWpOwF GeCwIirGhmHLbX,2220,481,2019-09-19,2022-04-06,2,9
ZecjpBLaiJsERXXhc,4700,759,2019-03-31,2021-10-21,2,10
fVsRelNEJksDnddK,1348,310,2019-02-14,2020-02-11,2,8
" iJULekVALo",4998,130,2018-06-29,2021-02-05,2,7
DjXhYGbzPCORoocaLohpt,4527,781,2018-09-05,2023-04-10,2,6
sbTqChqxpqwpZ GjG,4682,750,2019-07-29,2020-04-21,2,10
hkPNlFVdCgJRCOzPzzsrPvCxm,2613,861,2018-08-03,2022-06-20,2,7
BCDdFQAEyciUzAaFEuZz,3470,178,2019-08-08,2023-03-13,2,7
BwFUmxVfHHsGm,3741,381,2018-01-10,2021-09-06,2,10
vadIVGUO SBw ioFOBM,3174,278,2019-09-12,2022-08-27,2,7
saIqUEAkLFgLcrQcICOX,4195,359,2018-08-28,2023-12-02,2,7
LhpQCNSmdIHjqTKqPNEdsOd,2466,846,2018-03-26,2023-09-13,2,9
uzmHzqSfpUw,4068,779,2018-02-12,2024-08-07,2,9
kkaQExUTLbLHYGoJuZuX,4585,509,2019-09-18,2023-07-30,2,9
UPdBeWgxRJwHPuk,1698,798,2019-12-10,2024-09-01,2,6
"  DnnKmTof",4125,62,2019-04-18,2021-04-22,2,9
EpmAHUjfQyXCR,4686,196,2019-01-25,2022-02-01,2,9
ueWcjgRyROMbDVQlLUFwJJM,906,698,2018-06-28,2020-09-29,2,6
ql WthvtVMUgT,4612,209,2018-05-17,2021-08-22,2,7
qaEumnkDSKMNjQef,2256,433,2019-06-29,2021-09-17,2,10
wPElxHmbJV cLKuUBfIV,2377,869,2018-01-22,2020-07-01,2,10
dBmGStmtoSppzHjAQfHyBQDGj,4683,448,2019-06-21,2021-10-18,2,8
zmDSYzolsgxqL,1200,733,2018-09-16,2024-12-23,2,10
hmgUdApUmiJXjRkOAhrLX,1603,162,2018-06-14,2022-07-07,2,6
XMLlyqgCIwIIqQiUioXnxiA,1850,98,2019-12-08,2020-08-20,2,8
JVZAtGDcJSpuqLXH,4659,133,2018-09-30,2024-05-03,2,8
BhkPONeZGrYLCckbx,4860,778,2018-10-21,2023-12-03,2,6
u oADthSajAMvb,3027,780,2018-02-08,2020-09-05,2,8
YZvOxLronSPIdnNHHYNzErL,4492,647,2018-07-18,2022-07-15,2,10
xMqtBQyyaoRRuAw,3006,579,2018-04-01,2024-11-19,2,6
SJiGZfEttXpjeR,715,859,2019-12-29,2024-03-15,2,6
arwxsBQsRjyXMJiQyEU b  Q,4082,829,2018-03-22,2024-03-20,2,10
HXSDaJuzBKeLVLeBrMP,453,852,2018-07-06,2020-07-08,2,6
" XCElinTMcIAJQreuDp",2040,811,2018-10-20,2022-02-08,2,7
V CbLMAedtdypQ,2748,992,2019-10-06,2024-10-21,2,8
sTfjAwxvFz,3117,752,2019-08-19,2020-04-20,2,6
KnWq etDBHburdV Jlab,980,486,2018-07-30,2020-02-18,2,9
UxWluCHHrXQRasOGQf,4982,90,2018-09-10,2024-07-27,2,8
KBncEDXnBEIdgvSAvWmRlifG,1337,281,2019-01-24,2024-02-23,2,8
AMZWNAvzlkAQ iIa,2348,544,2019-11-08,2023-03-16,2,7
hWrveztSObEJBVrqhOHHsyt,2295,405,2019-11-03,2020-08-12,2,8
TEMRKDhguswjGTJykf,4439,823,2019-06-14,2022-02-14,2,9
CKaaIAgqlkW,768,456,2019-05-19,2021-12-10,2,6
bcdc XpfPpLyldgMw,4896,713,2019-01-29,2022-08-25,2,8
oi SU wBbBFBIRbsQj,2551,999,2018-08-21,2023-02-08,2,7
QjMdZKYNJKSPoEQGeyMfVDPC,4397,455,2019-11-03,2023-08-23,2,9
xAzCsNVhZTNvtHfoSTcSkUS,1840,69,2018-03-22,2024-07-28,2,7
dgfBleRbjmlGbZCLKbk,4269,899,2019-07-24,2022-08-13,2,9
et pdtIAhLdortAcASzu,4840,125,2018-01-10,2022-05-08,2,9
XCHTzXywjYan,3857,753,2019-08-22,2024-04-09,2,10
REMCsqZfay EEmoVItFaYM,1473,898,2019-06-30,2021-04-24,2,10
lrEDpTcqhpogRXbhyH,3063,960,2019-02-13,2022-01-24,2,8
FW SqPOwEYmZF,894,497,2019-07-17,2023-11-19,2,7
ZqykLEqmIaYMQB VcS,3661,612,2019-10-14,2021-11-26,2,10
QArzxrNNuvq OwfohIIoob,2021,561,2019-10-02,2023-09-10,2,10
YjyaTYxFVO,3918,47,2019-04-20,2020-04-25,2,7
tflrcOUIDMXayneilC,1171,726,2018-04-25,2021-08-17,2,9
tLpCEYBDpdFPYjbfYlMjxYZ,3319,191,2019-01-27,2022-06-16,2,7
Hoz duflEhQgOaGzfmtGv,2500,461,2019-09-10,2024-11-14,2,6
gusAeM TQNGQEFJ,184,597,2019-05-30,2023-11-22,2,6
XBIb uUlyblJgT,2301,474,2019-02-04,2024-03-28,2,10
jpnqFYoEnGlTln,4717,744,2019-08-26,2021-02-12,2,9
wlYlMmlimCHHEwLNgKa,889,137,2019-11-06,2024-04-14,2,9
kBr VCSDLvqyzLSxyGDQTMUEC,483,966,2018-07-09,2020-11-06,2,7
hDuEgoXkqD,954,195,2018-04-29,2023-04-27,2,6
yPwMqienaiQAi tYdWzszQQ,4808,481,2018-04-25,2020-02-29,2,9
DsnoRBuJWssUiAufzh,528,366,2018-10-06,2024-08-15,2,8
eNDoMlfJuiza,951,276,2018-10-27,2023-07-27,2,10
aufzLhowmKp,1496,273,2019-09-23,2020-02-18,2,9
UKprBvSaeGQbpRCwTacHPxS,4465,627,2019-09-21,2020-09-08,2,9
LQsPbQnYzHhcLJrAqyUnbegd,3609,521,2019-08-09,2022-12-24,2,9
mNqNUryMQHROyDmiUJVLmOR,1088,841,2019-12-03,2024-02-11,2,6
YtstGvqdcHfnyjdrHtb,2267,182,2018-05-18,2023-08-27,2,9
EIrMQJhXfrZeYcUzo,827,499,2018-03-10,2021-09-17,2,8
PyrU QVrjw,147,433,2019-01-25,2020-09-11,2,7
nocDkqztzSKD,1436,267,2019-05-28,2020-04-13,2,9
ELuoMKQeljKiaZSNt,3885,442,2019-10-03,2024-08-14,2,9
KmeLUQbfiA,3251,627,2019-01-26,2021-07-09,2,6
RbGEKvheEVFCbeCY,913,74,2019-12-21,2020-11-14,2,6
xlOLzEJqnb,2007,155,2019-08-01,2023-12-08,2,7
upcTEsGmADSMpQzfg,3674,985,2019-07-27,2022-11-26,2,10
hxpRpMhLdlahpMaLJUYs,1616,565,2019-11-14,2020-11-06,2,7
"iYHGh oeq sDC pjdL ",2832,504,2019-11-27,2021-08-01,2,6
mQbEsXtzURVIALpOq VmtbQtm,3721,711,2019-03-24,2020-02-19,2,6
WLWTouvFVY,3734,979,2019-07-07,2021-06-23,2,10
PldCFlOALDShOmYsb,710,597,2018-01-12,2021-05-14,2,6
leBoOOREEYXO,1609,443,2019-08-13,2021-05-02,2,9
c beONebtfLaeQIEV,4584,342,2019-10-26,2020-07-08,2,9
EXIaQecIZFbi,1552,309,2018-06-05,2024-02-14,2,9
GKCHfOPTcNbTHHwNgkbHAJoB,2256,379,2019-12-02,2023-01-02,2,8
fEdOIipjPNyobqm,3578,671,2019-10-14,2021-03-06,2,10
WudOyKKObxjyKeuiKikEt,4579,57,2019-03-31,2024-12-17,2,8
kvibBJnzWaJmQbGPVlmUhx,202,557,2019-03-18,2021-06-16,2,8
pgjsCDjIpUZXIAD,1797,943,2019-09-24,2021-07-26,2,10
" wOlpWSZZRGsJsHlk",1944,622,2018-01-06,2021-02-22,2,10
CBeqWi Gg UfzAcg iPwdljMx,2345,78,2019-07-03,2021-05-11,2,10
LCwlMapTwpWM,3741,385,2018-10-09,2023-09-25,2,6
MpQfX rYvZ,3655,857,2019-07-08,2023-06-25,2,8
IbhkguwA IBAN  okqZ,4870,978,2019-11-03,2024-11-17,2,7
nAiSWm KCYSG,1385,404,2019-12-29,2022-12-31,2,8
nAFrlUuZECcnUr,3348,369,2019-05-29,2020-12-26,2,6
nfbOgUulznAVMbNXIOChs,4464,198,2019-09-08,2024-08-31,2,8
rYDZLKKUCsbQIwogS a,4210,42,2018-01-30,2023-05-19,2,6
UheTTjpqig,4209,517,2019-11-28,2022-08-24,2,7
yKnUFMiyEdCZtlVpJCp,3619,167,2019-07-08,2020-11-11,2,8
DtOSxDDWyRRDg PxPHPY,2141,511,2019-11-04,2020-11-27,2,6